"","names","preds.in","preds","preds.OPP","runtimes","paramsout","seed.fit","length"
"1","//sscc//home//c//cbe117//Research//GPC//GPC_Output//Discrepancy1DGP//Discrepancy1DGP_D1_SS6_PS2000_R25//Discrepancy1DGP_D1_SS6_PS2000_R25_1.csv","//sscc//home//c//cbe117//Research//GPC//GPC_Output//Discrepancy1DGP//Discrepancy1DGP_D1_SS6_PS2000_R25//Discrepancy1DGP_D1_SS6_PS2000_R25_1_PredPts.csv","//sscc//home//c//cbe117//Research//GPC//GPC_Output//Discrepancy1DGP//Discrepancy1DGP_D1_SS6_PS2000_R25//Discrepancy1DGP_D1_SS6_PS2000_R25_1_Preds_sklearnRBF.csv","//sscc//home//c//cbe117//Research//GPC//GPC_Output//Discrepancy1DGP//Discrepancy1DGP_D1_SS6_PS2000_R25//OPPs//Discrepancy1DGP_D1_SS6_PS2000_R25_OPP_1_Preds_sklearnRBF.csv","//sscc//home//c//cbe117//Research//GPC//GPC_Output//Discrepancy1DGP//Discrepancy1DGP_D1_SS6_PS2000_R25//RunTimes//Discrepancy1DGP_D1_SS6_PS2000_R25_1_sklearnRBF.csv","//sscc//home//c//cbe117//Research//GPC//GPC_Output//Discrepancy1DGP//Discrepancy1DGP_D1_SS6_PS2000_R25//Params//Discrepancy1DGP_D1_SS6_PS2000_R25_1_sklearnRBF.csv",300,25
"2","//sscc//home//c//cbe117//Research//GPC//GPC_Output//Discrepancy1DGP//Discrepancy1DGP_D1_SS6_PS2000_R25//Discrepancy1DGP_D1_SS6_PS2000_R25_2.csv","//sscc//home//c//cbe117//Research//GPC//GPC_Output//Discrepancy1DGP//Discrepancy1DGP_D1_SS6_PS2000_R25//Discrepancy1DGP_D1_SS6_PS2000_R25_2_PredPts.csv","//sscc//home//c//cbe117//Research//GPC//GPC_Output//Discrepancy1DGP//Discrepancy1DGP_D1_SS6_PS2000_R25//Discrepancy1DGP_D1_SS6_PS2000_R25_2_Preds_sklearnRBF.csv","//sscc//home//c//cbe117//Research//GPC//GPC_Output//Discrepancy1DGP//Discrepancy1DGP_D1_SS6_PS2000_R25//OPPs//Discrepancy1DGP_D1_SS6_PS2000_R25_OPP_2_Preds_sklearnRBF.csv","//sscc//home//c//cbe117//Research//GPC//GPC_Output//Discrepancy1DGP//Discrepancy1DGP_D1_SS6_PS2000_R25//RunTimes//Discrepancy1DGP_D1_SS6_PS2000_R25_2_sklearnRBF.csv","//sscc//home//c//cbe117//Research//GPC//GPC_Output//Discrepancy1DGP//Discrepancy1DGP_D1_SS6_PS2000_R25//Params//Discrepancy1DGP_D1_SS6_PS2000_R25_2_sklearnRBF.csv",301,25
"3","//sscc//home//c//cbe117//Research//GPC//GPC_Output//Discrepancy1DGP//Discrepancy1DGP_D1_SS6_PS2000_R25//Discrepancy1DGP_D1_SS6_PS2000_R25_3.csv","//sscc//home//c//cbe117//Research//GPC//GPC_Output//Discrepancy1DGP//Discrepancy1DGP_D1_SS6_PS2000_R25//Discrepancy1DGP_D1_SS6_PS2000_R25_3_PredPts.csv","//sscc//home//c//cbe117//Research//GPC//GPC_Output//Discrepancy1DGP//Discrepancy1DGP_D1_SS6_PS2000_R25//Discrepancy1DGP_D1_SS6_PS2000_R25_3_Preds_sklearnRBF.csv","//sscc//home//c//cbe117//Research//GPC//GPC_Output//Discrepancy1DGP//Discrepancy1DGP_D1_SS6_PS2000_R25//OPPs//Discrepancy1DGP_D1_SS6_PS2000_R25_OPP_3_Preds_sklearnRBF.csv","//sscc//home//c//cbe117//Research//GPC//GPC_Output//Discrepancy1DGP//Discrepancy1DGP_D1_SS6_PS2000_R25//RunTimes//Discrepancy1DGP_D1_SS6_PS2000_R25_3_sklearnRBF.csv","//sscc//home//c//cbe117//Research//GPC//GPC_Output//Discrepancy1DGP//Discrepancy1DGP_D1_SS6_PS2000_R25//Params//Discrepancy1DGP_D1_SS6_PS2000_R25_3_sklearnRBF.csv",302,25
"4","//sscc//home//c//cbe117//Research//GPC//GPC_Output//Discrepancy1DGP//Discrepancy1DGP_D1_SS6_PS2000_R25//Discrepancy1DGP_D1_SS6_PS2000_R25_4.csv","//sscc//home//c//cbe117//Research//GPC//GPC_Output//Discrepancy1DGP//Discrepancy1DGP_D1_SS6_PS2000_R25//Discrepancy1DGP_D1_SS6_PS2000_R25_4_PredPts.csv","//sscc//home//c//cbe117//Research//GPC//GPC_Output//Discrepancy1DGP//Discrepancy1DGP_D1_SS6_PS2000_R25//Discrepancy1DGP_D1_SS6_PS2000_R25_4_Preds_sklearnRBF.csv","//sscc//home//c//cbe117//Research//GPC//GPC_Output//Discrepancy1DGP//Discrepancy1DGP_D1_SS6_PS2000_R25//OPPs//Discrepancy1DGP_D1_SS6_PS2000_R25_OPP_4_Preds_sklearnRBF.csv","//sscc//home//c//cbe117//Research//GPC//GPC_Output//Discrepancy1DGP//Discrepancy1DGP_D1_SS6_PS2000_R25//RunTimes//Discrepancy1DGP_D1_SS6_PS2000_R25_4_sklearnRBF.csv","//sscc//home//c//cbe117//Research//GPC//GPC_Output//Discrepancy1DGP//Discrepancy1DGP_D1_SS6_PS2000_R25//Params//Discrepancy1DGP_D1_SS6_PS2000_R25_4_sklearnRBF.csv",303,25
"5","//sscc//home//c//cbe117//Research//GPC//GPC_Output//Discrepancy1DGP//Discrepancy1DGP_D1_SS6_PS2000_R25//Discrepancy1DGP_D1_SS6_PS2000_R25_5.csv","//sscc//home//c//cbe117//Research//GPC//GPC_Output//Discrepancy1DGP//Discrepancy1DGP_D1_SS6_PS2000_R25//Discrepancy1DGP_D1_SS6_PS2000_R25_5_PredPts.csv","//sscc//home//c//cbe117//Research//GPC//GPC_Output//Discrepancy1DGP//Discrepancy1DGP_D1_SS6_PS2000_R25//Discrepancy1DGP_D1_SS6_PS2000_R25_5_Preds_sklearnRBF.csv","//sscc//home//c//cbe117//Research//GPC//GPC_Output//Discrepancy1DGP//Discrepancy1DGP_D1_SS6_PS2000_R25//OPPs//Discrepancy1DGP_D1_SS6_PS2000_R25_OPP_5_Preds_sklearnRBF.csv","//sscc//home//c//cbe117//Research//GPC//GPC_Output//Discrepancy1DGP//Discrepancy1DGP_D1_SS6_PS2000_R25//RunTimes//Discrepancy1DGP_D1_SS6_PS2000_R25_5_sklearnRBF.csv","//sscc//home//c//cbe117//Research//GPC//GPC_Output//Discrepancy1DGP//Discrepancy1DGP_D1_SS6_PS2000_R25//Params//Discrepancy1DGP_D1_SS6_PS2000_R25_5_sklearnRBF.csv",304,25
"6","//sscc//home//c//cbe117//Research//GPC//GPC_Output//Discrepancy1DGP//Discrepancy1DGP_D1_SS6_PS2000_R25//Discrepancy1DGP_D1_SS6_PS2000_R25_6.csv","//sscc//home//c//cbe117//Research//GPC//GPC_Output//Discrepancy1DGP//Discrepancy1DGP_D1_SS6_PS2000_R25//Discrepancy1DGP_D1_SS6_PS2000_R25_6_PredPts.csv","//sscc//home//c//cbe117//Research//GPC//GPC_Output//Discrepancy1DGP//Discrepancy1DGP_D1_SS6_PS2000_R25//Discrepancy1DGP_D1_SS6_PS2000_R25_6_Preds_sklearnRBF.csv","//sscc//home//c//cbe117//Research//GPC//GPC_Output//Discrepancy1DGP//Discrepancy1DGP_D1_SS6_PS2000_R25//OPPs//Discrepancy1DGP_D1_SS6_PS2000_R25_OPP_6_Preds_sklearnRBF.csv","//sscc//home//c//cbe117//Research//GPC//GPC_Output//Discrepancy1DGP//Discrepancy1DGP_D1_SS6_PS2000_R25//RunTimes//Discrepancy1DGP_D1_SS6_PS2000_R25_6_sklearnRBF.csv","//sscc//home//c//cbe117//Research//GPC//GPC_Output//Discrepancy1DGP//Discrepancy1DGP_D1_SS6_PS2000_R25//Params//Discrepancy1DGP_D1_SS6_PS2000_R25_6_sklearnRBF.csv",305,25
"7","//sscc//home//c//cbe117//Research//GPC//GPC_Output//Discrepancy1DGP//Discrepancy1DGP_D1_SS6_PS2000_R25//Discrepancy1DGP_D1_SS6_PS2000_R25_7.csv","//sscc//home//c//cbe117//Research//GPC//GPC_Output//Discrepancy1DGP//Discrepancy1DGP_D1_SS6_PS2000_R25//Discrepancy1DGP_D1_SS6_PS2000_R25_7_PredPts.csv","//sscc//home//c//cbe117//Research//GPC//GPC_Output//Discrepancy1DGP//Discrepancy1DGP_D1_SS6_PS2000_R25//Discrepancy1DGP_D1_SS6_PS2000_R25_7_Preds_sklearnRBF.csv","//sscc//home//c//cbe117//Research//GPC//GPC_Output//Discrepancy1DGP//Discrepancy1DGP_D1_SS6_PS2000_R25//OPPs//Discrepancy1DGP_D1_SS6_PS2000_R25_OPP_7_Preds_sklearnRBF.csv","//sscc//home//c//cbe117//Research//GPC//GPC_Output//Discrepancy1DGP//Discrepancy1DGP_D1_SS6_PS2000_R25//RunTimes//Discrepancy1DGP_D1_SS6_PS2000_R25_7_sklearnRBF.csv","//sscc//home//c//cbe117//Research//GPC//GPC_Output//Discrepancy1DGP//Discrepancy1DGP_D1_SS6_PS2000_R25//Params//Discrepancy1DGP_D1_SS6_PS2000_R25_7_sklearnRBF.csv",306,25
"8","//sscc//home//c//cbe117//Research//GPC//GPC_Output//Discrepancy1DGP//Discrepancy1DGP_D1_SS6_PS2000_R25//Discrepancy1DGP_D1_SS6_PS2000_R25_8.csv","//sscc//home//c//cbe117//Research//GPC//GPC_Output//Discrepancy1DGP//Discrepancy1DGP_D1_SS6_PS2000_R25//Discrepancy1DGP_D1_SS6_PS2000_R25_8_PredPts.csv","//sscc//home//c//cbe117//Research//GPC//GPC_Output//Discrepancy1DGP//Discrepancy1DGP_D1_SS6_PS2000_R25//Discrepancy1DGP_D1_SS6_PS2000_R25_8_Preds_sklearnRBF.csv","//sscc//home//c//cbe117//Research//GPC//GPC_Output//Discrepancy1DGP//Discrepancy1DGP_D1_SS6_PS2000_R25//OPPs//Discrepancy1DGP_D1_SS6_PS2000_R25_OPP_8_Preds_sklearnRBF.csv","//sscc//home//c//cbe117//Research//GPC//GPC_Output//Discrepancy1DGP//Discrepancy1DGP_D1_SS6_PS2000_R25//RunTimes//Discrepancy1DGP_D1_SS6_PS2000_R25_8_sklearnRBF.csv","//sscc//home//c//cbe117//Research//GPC//GPC_Output//Discrepancy1DGP//Discrepancy1DGP_D1_SS6_PS2000_R25//Params//Discrepancy1DGP_D1_SS6_PS2000_R25_8_sklearnRBF.csv",307,25
"9","//sscc//home//c//cbe117//Research//GPC//GPC_Output//Discrepancy1DGP//Discrepancy1DGP_D1_SS6_PS2000_R25//Discrepancy1DGP_D1_SS6_PS2000_R25_9.csv","//sscc//home//c//cbe117//Research//GPC//GPC_Output//Discrepancy1DGP//Discrepancy1DGP_D1_SS6_PS2000_R25//Discrepancy1DGP_D1_SS6_PS2000_R25_9_PredPts.csv","//sscc//home//c//cbe117//Research//GPC//GPC_Output//Discrepancy1DGP//Discrepancy1DGP_D1_SS6_PS2000_R25//Discrepancy1DGP_D1_SS6_PS2000_R25_9_Preds_sklearnRBF.csv","//sscc//home//c//cbe117//Research//GPC//GPC_Output//Discrepancy1DGP//Discrepancy1DGP_D1_SS6_PS2000_R25//OPPs//Discrepancy1DGP_D1_SS6_PS2000_R25_OPP_9_Preds_sklearnRBF.csv","//sscc//home//c//cbe117//Research//GPC//GPC_Output//Discrepancy1DGP//Discrepancy1DGP_D1_SS6_PS2000_R25//RunTimes//Discrepancy1DGP_D1_SS6_PS2000_R25_9_sklearnRBF.csv","//sscc//home//c//cbe117//Research//GPC//GPC_Output//Discrepancy1DGP//Discrepancy1DGP_D1_SS6_PS2000_R25//Params//Discrepancy1DGP_D1_SS6_PS2000_R25_9_sklearnRBF.csv",308,25
"10","//sscc//home//c//cbe117//Research//GPC//GPC_Output//Discrepancy1DGP//Discrepancy1DGP_D1_SS6_PS2000_R25//Discrepancy1DGP_D1_SS6_PS2000_R25_10.csv","//sscc//home//c//cbe117//Research//GPC//GPC_Output//Discrepancy1DGP//Discrepancy1DGP_D1_SS6_PS2000_R25//Discrepancy1DGP_D1_SS6_PS2000_R25_10_PredPts.csv","//sscc//home//c//cbe117//Research//GPC//GPC_Output//Discrepancy1DGP//Discrepancy1DGP_D1_SS6_PS2000_R25//Discrepancy1DGP_D1_SS6_PS2000_R25_10_Preds_sklearnRBF.csv","//sscc//home//c//cbe117//Research//GPC//GPC_Output//Discrepancy1DGP//Discrepancy1DGP_D1_SS6_PS2000_R25//OPPs//Discrepancy1DGP_D1_SS6_PS2000_R25_OPP_10_Preds_sklearnRBF.csv","//sscc//home//c//cbe117//Research//GPC//GPC_Output//Discrepancy1DGP//Discrepancy1DGP_D1_SS6_PS2000_R25//RunTimes//Discrepancy1DGP_D1_SS6_PS2000_R25_10_sklearnRBF.csv","//sscc//home//c//cbe117//Research//GPC//GPC_Output//Discrepancy1DGP//Discrepancy1DGP_D1_SS6_PS2000_R25//Params//Discrepancy1DGP_D1_SS6_PS2000_R25_10_sklearnRBF.csv",309,25
"11","//sscc//home//c//cbe117//Research//GPC//GPC_Output//Discrepancy1DGP//Discrepancy1DGP_D1_SS6_PS2000_R25//Discrepancy1DGP_D1_SS6_PS2000_R25_11.csv","//sscc//home//c//cbe117//Research//GPC//GPC_Output//Discrepancy1DGP//Discrepancy1DGP_D1_SS6_PS2000_R25//Discrepancy1DGP_D1_SS6_PS2000_R25_11_PredPts.csv","//sscc//home//c//cbe117//Research//GPC//GPC_Output//Discrepancy1DGP//Discrepancy1DGP_D1_SS6_PS2000_R25//Discrepancy1DGP_D1_SS6_PS2000_R25_11_Preds_sklearnRBF.csv","//sscc//home//c//cbe117//Research//GPC//GPC_Output//Discrepancy1DGP//Discrepancy1DGP_D1_SS6_PS2000_R25//OPPs//Discrepancy1DGP_D1_SS6_PS2000_R25_OPP_11_Preds_sklearnRBF.csv","//sscc//home//c//cbe117//Research//GPC//GPC_Output//Discrepancy1DGP//Discrepancy1DGP_D1_SS6_PS2000_R25//RunTimes//Discrepancy1DGP_D1_SS6_PS2000_R25_11_sklearnRBF.csv","//sscc//home//c//cbe117//Research//GPC//GPC_Output//Discrepancy1DGP//Discrepancy1DGP_D1_SS6_PS2000_R25//Params//Discrepancy1DGP_D1_SS6_PS2000_R25_11_sklearnRBF.csv",310,25
"12","//sscc//home//c//cbe117//Research//GPC//GPC_Output//Discrepancy1DGP//Discrepancy1DGP_D1_SS6_PS2000_R25//Discrepancy1DGP_D1_SS6_PS2000_R25_12.csv","//sscc//home//c//cbe117//Research//GPC//GPC_Output//Discrepancy1DGP//Discrepancy1DGP_D1_SS6_PS2000_R25//Discrepancy1DGP_D1_SS6_PS2000_R25_12_PredPts.csv","//sscc//home//c//cbe117//Research//GPC//GPC_Output//Discrepancy1DGP//Discrepancy1DGP_D1_SS6_PS2000_R25//Discrepancy1DGP_D1_SS6_PS2000_R25_12_Preds_sklearnRBF.csv","//sscc//home//c//cbe117//Research//GPC//GPC_Output//Discrepancy1DGP//Discrepancy1DGP_D1_SS6_PS2000_R25//OPPs//Discrepancy1DGP_D1_SS6_PS2000_R25_OPP_12_Preds_sklearnRBF.csv","//sscc//home//c//cbe117//Research//GPC//GPC_Output//Discrepancy1DGP//Discrepancy1DGP_D1_SS6_PS2000_R25//RunTimes//Discrepancy1DGP_D1_SS6_PS2000_R25_12_sklearnRBF.csv","//sscc//home//c//cbe117//Research//GPC//GPC_Output//Discrepancy1DGP//Discrepancy1DGP_D1_SS6_PS2000_R25//Params//Discrepancy1DGP_D1_SS6_PS2000_R25_12_sklearnRBF.csv",311,25
"13","//sscc//home//c//cbe117//Research//GPC//GPC_Output//Discrepancy1DGP//Discrepancy1DGP_D1_SS6_PS2000_R25//Discrepancy1DGP_D1_SS6_PS2000_R25_13.csv","//sscc//home//c//cbe117//Research//GPC//GPC_Output//Discrepancy1DGP//Discrepancy1DGP_D1_SS6_PS2000_R25//Discrepancy1DGP_D1_SS6_PS2000_R25_13_PredPts.csv","//sscc//home//c//cbe117//Research//GPC//GPC_Output//Discrepancy1DGP//Discrepancy1DGP_D1_SS6_PS2000_R25//Discrepancy1DGP_D1_SS6_PS2000_R25_13_Preds_sklearnRBF.csv","//sscc//home//c//cbe117//Research//GPC//GPC_Output//Discrepancy1DGP//Discrepancy1DGP_D1_SS6_PS2000_R25//OPPs//Discrepancy1DGP_D1_SS6_PS2000_R25_OPP_13_Preds_sklearnRBF.csv","//sscc//home//c//cbe117//Research//GPC//GPC_Output//Discrepancy1DGP//Discrepancy1DGP_D1_SS6_PS2000_R25//RunTimes//Discrepancy1DGP_D1_SS6_PS2000_R25_13_sklearnRBF.csv","//sscc//home//c//cbe117//Research//GPC//GPC_Output//Discrepancy1DGP//Discrepancy1DGP_D1_SS6_PS2000_R25//Params//Discrepancy1DGP_D1_SS6_PS2000_R25_13_sklearnRBF.csv",312,25
"14","//sscc//home//c//cbe117//Research//GPC//GPC_Output//Discrepancy1DGP//Discrepancy1DGP_D1_SS6_PS2000_R25//Discrepancy1DGP_D1_SS6_PS2000_R25_14.csv","//sscc//home//c//cbe117//Research//GPC//GPC_Output//Discrepancy1DGP//Discrepancy1DGP_D1_SS6_PS2000_R25//Discrepancy1DGP_D1_SS6_PS2000_R25_14_PredPts.csv","//sscc//home//c//cbe117//Research//GPC//GPC_Output//Discrepancy1DGP//Discrepancy1DGP_D1_SS6_PS2000_R25//Discrepancy1DGP_D1_SS6_PS2000_R25_14_Preds_sklearnRBF.csv","//sscc//home//c//cbe117//Research//GPC//GPC_Output//Discrepancy1DGP//Discrepancy1DGP_D1_SS6_PS2000_R25//OPPs//Discrepancy1DGP_D1_SS6_PS2000_R25_OPP_14_Preds_sklearnRBF.csv","//sscc//home//c//cbe117//Research//GPC//GPC_Output//Discrepancy1DGP//Discrepancy1DGP_D1_SS6_PS2000_R25//RunTimes//Discrepancy1DGP_D1_SS6_PS2000_R25_14_sklearnRBF.csv","//sscc//home//c//cbe117//Research//GPC//GPC_Output//Discrepancy1DGP//Discrepancy1DGP_D1_SS6_PS2000_R25//Params//Discrepancy1DGP_D1_SS6_PS2000_R25_14_sklearnRBF.csv",313,25
"15","//sscc//home//c//cbe117//Research//GPC//GPC_Output//Discrepancy1DGP//Discrepancy1DGP_D1_SS6_PS2000_R25//Discrepancy1DGP_D1_SS6_PS2000_R25_15.csv","//sscc//home//c//cbe117//Research//GPC//GPC_Output//Discrepancy1DGP//Discrepancy1DGP_D1_SS6_PS2000_R25//Discrepancy1DGP_D1_SS6_PS2000_R25_15_PredPts.csv","//sscc//home//c//cbe117//Research//GPC//GPC_Output//Discrepancy1DGP//Discrepancy1DGP_D1_SS6_PS2000_R25//Discrepancy1DGP_D1_SS6_PS2000_R25_15_Preds_sklearnRBF.csv","//sscc//home//c//cbe117//Research//GPC//GPC_Output//Discrepancy1DGP//Discrepancy1DGP_D1_SS6_PS2000_R25//OPPs//Discrepancy1DGP_D1_SS6_PS2000_R25_OPP_15_Preds_sklearnRBF.csv","//sscc//home//c//cbe117//Research//GPC//GPC_Output//Discrepancy1DGP//Discrepancy1DGP_D1_SS6_PS2000_R25//RunTimes//Discrepancy1DGP_D1_SS6_PS2000_R25_15_sklearnRBF.csv","//sscc//home//c//cbe117//Research//GPC//GPC_Output//Discrepancy1DGP//Discrepancy1DGP_D1_SS6_PS2000_R25//Params//Discrepancy1DGP_D1_SS6_PS2000_R25_15_sklearnRBF.csv",314,25
"16","//sscc//home//c//cbe117//Research//GPC//GPC_Output//Discrepancy1DGP//Discrepancy1DGP_D1_SS6_PS2000_R25//Discrepancy1DGP_D1_SS6_PS2000_R25_16.csv","//sscc//home//c//cbe117//Research//GPC//GPC_Output//Discrepancy1DGP//Discrepancy1DGP_D1_SS6_PS2000_R25//Discrepancy1DGP_D1_SS6_PS2000_R25_16_PredPts.csv","//sscc//home//c//cbe117//Research//GPC//GPC_Output//Discrepancy1DGP//Discrepancy1DGP_D1_SS6_PS2000_R25//Discrepancy1DGP_D1_SS6_PS2000_R25_16_Preds_sklearnRBF.csv","//sscc//home//c//cbe117//Research//GPC//GPC_Output//Discrepancy1DGP//Discrepancy1DGP_D1_SS6_PS2000_R25//OPPs//Discrepancy1DGP_D1_SS6_PS2000_R25_OPP_16_Preds_sklearnRBF.csv","//sscc//home//c//cbe117//Research//GPC//GPC_Output//Discrepancy1DGP//Discrepancy1DGP_D1_SS6_PS2000_R25//RunTimes//Discrepancy1DGP_D1_SS6_PS2000_R25_16_sklearnRBF.csv","//sscc//home//c//cbe117//Research//GPC//GPC_Output//Discrepancy1DGP//Discrepancy1DGP_D1_SS6_PS2000_R25//Params//Discrepancy1DGP_D1_SS6_PS2000_R25_16_sklearnRBF.csv",315,25
"17","//sscc//home//c//cbe117//Research//GPC//GPC_Output//Discrepancy1DGP//Discrepancy1DGP_D1_SS6_PS2000_R25//Discrepancy1DGP_D1_SS6_PS2000_R25_17.csv","//sscc//home//c//cbe117//Research//GPC//GPC_Output//Discrepancy1DGP//Discrepancy1DGP_D1_SS6_PS2000_R25//Discrepancy1DGP_D1_SS6_PS2000_R25_17_PredPts.csv","//sscc//home//c//cbe117//Research//GPC//GPC_Output//Discrepancy1DGP//Discrepancy1DGP_D1_SS6_PS2000_R25//Discrepancy1DGP_D1_SS6_PS2000_R25_17_Preds_sklearnRBF.csv","//sscc//home//c//cbe117//Research//GPC//GPC_Output//Discrepancy1DGP//Discrepancy1DGP_D1_SS6_PS2000_R25//OPPs//Discrepancy1DGP_D1_SS6_PS2000_R25_OPP_17_Preds_sklearnRBF.csv","//sscc//home//c//cbe117//Research//GPC//GPC_Output//Discrepancy1DGP//Discrepancy1DGP_D1_SS6_PS2000_R25//RunTimes//Discrepancy1DGP_D1_SS6_PS2000_R25_17_sklearnRBF.csv","//sscc//home//c//cbe117//Research//GPC//GPC_Output//Discrepancy1DGP//Discrepancy1DGP_D1_SS6_PS2000_R25//Params//Discrepancy1DGP_D1_SS6_PS2000_R25_17_sklearnRBF.csv",316,25
"18","//sscc//home//c//cbe117//Research//GPC//GPC_Output//Discrepancy1DGP//Discrepancy1DGP_D1_SS6_PS2000_R25//Discrepancy1DGP_D1_SS6_PS2000_R25_18.csv","//sscc//home//c//cbe117//Research//GPC//GPC_Output//Discrepancy1DGP//Discrepancy1DGP_D1_SS6_PS2000_R25//Discrepancy1DGP_D1_SS6_PS2000_R25_18_PredPts.csv","//sscc//home//c//cbe117//Research//GPC//GPC_Output//Discrepancy1DGP//Discrepancy1DGP_D1_SS6_PS2000_R25//Discrepancy1DGP_D1_SS6_PS2000_R25_18_Preds_sklearnRBF.csv","//sscc//home//c//cbe117//Research//GPC//GPC_Output//Discrepancy1DGP//Discrepancy1DGP_D1_SS6_PS2000_R25//OPPs//Discrepancy1DGP_D1_SS6_PS2000_R25_OPP_18_Preds_sklearnRBF.csv","//sscc//home//c//cbe117//Research//GPC//GPC_Output//Discrepancy1DGP//Discrepancy1DGP_D1_SS6_PS2000_R25//RunTimes//Discrepancy1DGP_D1_SS6_PS2000_R25_18_sklearnRBF.csv","//sscc//home//c//cbe117//Research//GPC//GPC_Output//Discrepancy1DGP//Discrepancy1DGP_D1_SS6_PS2000_R25//Params//Discrepancy1DGP_D1_SS6_PS2000_R25_18_sklearnRBF.csv",317,25
"19","//sscc//home//c//cbe117//Research//GPC//GPC_Output//Discrepancy1DGP//Discrepancy1DGP_D1_SS6_PS2000_R25//Discrepancy1DGP_D1_SS6_PS2000_R25_19.csv","//sscc//home//c//cbe117//Research//GPC//GPC_Output//Discrepancy1DGP//Discrepancy1DGP_D1_SS6_PS2000_R25//Discrepancy1DGP_D1_SS6_PS2000_R25_19_PredPts.csv","//sscc//home//c//cbe117//Research//GPC//GPC_Output//Discrepancy1DGP//Discrepancy1DGP_D1_SS6_PS2000_R25//Discrepancy1DGP_D1_SS6_PS2000_R25_19_Preds_sklearnRBF.csv","//sscc//home//c//cbe117//Research//GPC//GPC_Output//Discrepancy1DGP//Discrepancy1DGP_D1_SS6_PS2000_R25//OPPs//Discrepancy1DGP_D1_SS6_PS2000_R25_OPP_19_Preds_sklearnRBF.csv","//sscc//home//c//cbe117//Research//GPC//GPC_Output//Discrepancy1DGP//Discrepancy1DGP_D1_SS6_PS2000_R25//RunTimes//Discrepancy1DGP_D1_SS6_PS2000_R25_19_sklearnRBF.csv","//sscc//home//c//cbe117//Research//GPC//GPC_Output//Discrepancy1DGP//Discrepancy1DGP_D1_SS6_PS2000_R25//Params//Discrepancy1DGP_D1_SS6_PS2000_R25_19_sklearnRBF.csv",318,25
"20","//sscc//home//c//cbe117//Research//GPC//GPC_Output//Discrepancy1DGP//Discrepancy1DGP_D1_SS6_PS2000_R25//Discrepancy1DGP_D1_SS6_PS2000_R25_20.csv","//sscc//home//c//cbe117//Research//GPC//GPC_Output//Discrepancy1DGP//Discrepancy1DGP_D1_SS6_PS2000_R25//Discrepancy1DGP_D1_SS6_PS2000_R25_20_PredPts.csv","//sscc//home//c//cbe117//Research//GPC//GPC_Output//Discrepancy1DGP//Discrepancy1DGP_D1_SS6_PS2000_R25//Discrepancy1DGP_D1_SS6_PS2000_R25_20_Preds_sklearnRBF.csv","//sscc//home//c//cbe117//Research//GPC//GPC_Output//Discrepancy1DGP//Discrepancy1DGP_D1_SS6_PS2000_R25//OPPs//Discrepancy1DGP_D1_SS6_PS2000_R25_OPP_20_Preds_sklearnRBF.csv","//sscc//home//c//cbe117//Research//GPC//GPC_Output//Discrepancy1DGP//Discrepancy1DGP_D1_SS6_PS2000_R25//RunTimes//Discrepancy1DGP_D1_SS6_PS2000_R25_20_sklearnRBF.csv","//sscc//home//c//cbe117//Research//GPC//GPC_Output//Discrepancy1DGP//Discrepancy1DGP_D1_SS6_PS2000_R25//Params//Discrepancy1DGP_D1_SS6_PS2000_R25_20_sklearnRBF.csv",319,25
"21","//sscc//home//c//cbe117//Research//GPC//GPC_Output//Discrepancy1DGP//Discrepancy1DGP_D1_SS6_PS2000_R25//Discrepancy1DGP_D1_SS6_PS2000_R25_21.csv","//sscc//home//c//cbe117//Research//GPC//GPC_Output//Discrepancy1DGP//Discrepancy1DGP_D1_SS6_PS2000_R25//Discrepancy1DGP_D1_SS6_PS2000_R25_21_PredPts.csv","//sscc//home//c//cbe117//Research//GPC//GPC_Output//Discrepancy1DGP//Discrepancy1DGP_D1_SS6_PS2000_R25//Discrepancy1DGP_D1_SS6_PS2000_R25_21_Preds_sklearnRBF.csv","//sscc//home//c//cbe117//Research//GPC//GPC_Output//Discrepancy1DGP//Discrepancy1DGP_D1_SS6_PS2000_R25//OPPs//Discrepancy1DGP_D1_SS6_PS2000_R25_OPP_21_Preds_sklearnRBF.csv","//sscc//home//c//cbe117//Research//GPC//GPC_Output//Discrepancy1DGP//Discrepancy1DGP_D1_SS6_PS2000_R25//RunTimes//Discrepancy1DGP_D1_SS6_PS2000_R25_21_sklearnRBF.csv","//sscc//home//c//cbe117//Research//GPC//GPC_Output//Discrepancy1DGP//Discrepancy1DGP_D1_SS6_PS2000_R25//Params//Discrepancy1DGP_D1_SS6_PS2000_R25_21_sklearnRBF.csv",320,25
"22","//sscc//home//c//cbe117//Research//GPC//GPC_Output//Discrepancy1DGP//Discrepancy1DGP_D1_SS6_PS2000_R25//Discrepancy1DGP_D1_SS6_PS2000_R25_22.csv","//sscc//home//c//cbe117//Research//GPC//GPC_Output//Discrepancy1DGP//Discrepancy1DGP_D1_SS6_PS2000_R25//Discrepancy1DGP_D1_SS6_PS2000_R25_22_PredPts.csv","//sscc//home//c//cbe117//Research//GPC//GPC_Output//Discrepancy1DGP//Discrepancy1DGP_D1_SS6_PS2000_R25//Discrepancy1DGP_D1_SS6_PS2000_R25_22_Preds_sklearnRBF.csv","//sscc//home//c//cbe117//Research//GPC//GPC_Output//Discrepancy1DGP//Discrepancy1DGP_D1_SS6_PS2000_R25//OPPs//Discrepancy1DGP_D1_SS6_PS2000_R25_OPP_22_Preds_sklearnRBF.csv","//sscc//home//c//cbe117//Research//GPC//GPC_Output//Discrepancy1DGP//Discrepancy1DGP_D1_SS6_PS2000_R25//RunTimes//Discrepancy1DGP_D1_SS6_PS2000_R25_22_sklearnRBF.csv","//sscc//home//c//cbe117//Research//GPC//GPC_Output//Discrepancy1DGP//Discrepancy1DGP_D1_SS6_PS2000_R25//Params//Discrepancy1DGP_D1_SS6_PS2000_R25_22_sklearnRBF.csv",321,25
"23","//sscc//home//c//cbe117//Research//GPC//GPC_Output//Discrepancy1DGP//Discrepancy1DGP_D1_SS6_PS2000_R25//Discrepancy1DGP_D1_SS6_PS2000_R25_23.csv","//sscc//home//c//cbe117//Research//GPC//GPC_Output//Discrepancy1DGP//Discrepancy1DGP_D1_SS6_PS2000_R25//Discrepancy1DGP_D1_SS6_PS2000_R25_23_PredPts.csv","//sscc//home//c//cbe117//Research//GPC//GPC_Output//Discrepancy1DGP//Discrepancy1DGP_D1_SS6_PS2000_R25//Discrepancy1DGP_D1_SS6_PS2000_R25_23_Preds_sklearnRBF.csv","//sscc//home//c//cbe117//Research//GPC//GPC_Output//Discrepancy1DGP//Discrepancy1DGP_D1_SS6_PS2000_R25//OPPs//Discrepancy1DGP_D1_SS6_PS2000_R25_OPP_23_Preds_sklearnRBF.csv","//sscc//home//c//cbe117//Research//GPC//GPC_Output//Discrepancy1DGP//Discrepancy1DGP_D1_SS6_PS2000_R25//RunTimes//Discrepancy1DGP_D1_SS6_PS2000_R25_23_sklearnRBF.csv","//sscc//home//c//cbe117//Research//GPC//GPC_Output//Discrepancy1DGP//Discrepancy1DGP_D1_SS6_PS2000_R25//Params//Discrepancy1DGP_D1_SS6_PS2000_R25_23_sklearnRBF.csv",322,25
"24","//sscc//home//c//cbe117//Research//GPC//GPC_Output//Discrepancy1DGP//Discrepancy1DGP_D1_SS6_PS2000_R25//Discrepancy1DGP_D1_SS6_PS2000_R25_24.csv","//sscc//home//c//cbe117//Research//GPC//GPC_Output//Discrepancy1DGP//Discrepancy1DGP_D1_SS6_PS2000_R25//Discrepancy1DGP_D1_SS6_PS2000_R25_24_PredPts.csv","//sscc//home//c//cbe117//Research//GPC//GPC_Output//Discrepancy1DGP//Discrepancy1DGP_D1_SS6_PS2000_R25//Discrepancy1DGP_D1_SS6_PS2000_R25_24_Preds_sklearnRBF.csv","//sscc//home//c//cbe117//Research//GPC//GPC_Output//Discrepancy1DGP//Discrepancy1DGP_D1_SS6_PS2000_R25//OPPs//Discrepancy1DGP_D1_SS6_PS2000_R25_OPP_24_Preds_sklearnRBF.csv","//sscc//home//c//cbe117//Research//GPC//GPC_Output//Discrepancy1DGP//Discrepancy1DGP_D1_SS6_PS2000_R25//RunTimes//Discrepancy1DGP_D1_SS6_PS2000_R25_24_sklearnRBF.csv","//sscc//home//c//cbe117//Research//GPC//GPC_Output//Discrepancy1DGP//Discrepancy1DGP_D1_SS6_PS2000_R25//Params//Discrepancy1DGP_D1_SS6_PS2000_R25_24_sklearnRBF.csv",323,25
"25","//sscc//home//c//cbe117//Research//GPC//GPC_Output//Discrepancy1DGP//Discrepancy1DGP_D1_SS6_PS2000_R25//Discrepancy1DGP_D1_SS6_PS2000_R25_25.csv","//sscc//home//c//cbe117//Research//GPC//GPC_Output//Discrepancy1DGP//Discrepancy1DGP_D1_SS6_PS2000_R25//Discrepancy1DGP_D1_SS6_PS2000_R25_25_PredPts.csv","//sscc//home//c//cbe117//Research//GPC//GPC_Output//Discrepancy1DGP//Discrepancy1DGP_D1_SS6_PS2000_R25//Discrepancy1DGP_D1_SS6_PS2000_R25_25_Preds_sklearnRBF.csv","//sscc//home//c//cbe117//Research//GPC//GPC_Output//Discrepancy1DGP//Discrepancy1DGP_D1_SS6_PS2000_R25//OPPs//Discrepancy1DGP_D1_SS6_PS2000_R25_OPP_25_Preds_sklearnRBF.csv","//sscc//home//c//cbe117//Research//GPC//GPC_Output//Discrepancy1DGP//Discrepancy1DGP_D1_SS6_PS2000_R25//RunTimes//Discrepancy1DGP_D1_SS6_PS2000_R25_25_sklearnRBF.csv","//sscc//home//c//cbe117//Research//GPC//GPC_Output//Discrepancy1DGP//Discrepancy1DGP_D1_SS6_PS2000_R25//Params//Discrepancy1DGP_D1_SS6_PS2000_R25_25_sklearnRBF.csv",324,25
